ticket,position_ticket,magic,symbol,direction,volume,open_price,close_price,open_time,close_time,hold_duration_sec,profit,commission,swap,fee,net_profit,comment
100059,100059,20001,EURUSD,SHORT,0.61,1871.73,2121.52,2026-01-05T10:31:39.156121,2026-01-06T06:38:59.156121,72440,59.94,-1.52,-0.68,0.0,57.74,EA Magic 20001 auto trade
100213,100213,0,GBPJPY,SHORT,0.42,1900.32,1965.58,2026-01-06T14:34:55.611225,2026-01-06T23:30:11.611225,32116,66.09,-1.05,-0.51,0.0,64.53,EA Magic 0 auto trade
100086,100086,30001,EURUSD,SHORT,1.71,1942.32,2143.15,2026-01-07T10:28:02.519579,2026-01-07T21:26:32.519579,39510,348.63,-4.28,-0.91,0.0,343.44,EA Magic 30001 auto trade
100096,100096,10001,BTCUSD,SHORT,0.46,2197.66,2185.02,2026-01-09T02:40:32.665579,2026-01-09T15:49:04.665579,47312,179.04,-1.15,-0.27,0.0,177.62,EA Magic 10001 auto trade
100205,100205,0,XAUUSD,LONG,0.5,1827.94,1844.61,2026-01-09T14:28:48.603014,2026-01-09T18:02:07.603014,12799,-113.19,-1.25,-0.27,0.0,-114.71,EA Magic 0 auto trade
100287,100287,0,EURUSD,SHORT,0.67,2094.57,1832.7,2026-01-09T15:42:42.445257,2026-01-10T06:41:47.445257,53945,138.8,-1.68,-0.27,0.0,136.85,EA Magic 0 auto trade
100209,100209,10001,EURUSD,SHORT,1.03,2207.82,2196.4,2026-01-10T18:23:41.644578,2026-01-11T06:21:39.644578,43078,439.25,-2.58,-0.66,0.0,436.01,EA Magic 10001 auto trade
100192,100192,0,GBPJPY,SHORT,0.56,2308.28,1855.48,2026-01-10T14:53:16.879340,2026-01-11T11:15:40.879340,73344,172.86,-1.4,0.19,0.0,171.65,EA Magic 0 auto trade
100080,100080,10001,BTCUSD,LONG,1.1,2192.87,1892.62,2026-01-11T09:35:57.649187,2026-01-11T21:46:12.649187,43815,372.88,-2.75,-0.75,0.0,369.38,EA Magic 10001 auto trade
100258,100258,0,BTCUSD,LONG,0.71,1846.73,2023.68,2026-01-12T18:02:55.638443,2026-01-12T19:25:10.638443,4935,240.06,-1.77,-0.68,0.0,237.61,EA Magic 0 auto trade
100154,100154,10002,BTCUSD,SHORT,0.96,2078.67,2004.12,2026-01-12T17:42:08.240486,2026-01-13T11:22:08.240486,63600,-70.27,-2.4,-0.64,0.0,-73.31,EA Magic 10002 auto trade
100218,100218,10002,BTCUSD,SHORT,1.68,2203.79,1883.51,2026-01-13T10:13:38.965782,2026-01-14T03:07:03.965782,60805,653.71,-4.2,0.15,0.0,649.66,EA Magic 10002 auto trade
100268,100268,0,GBPJPY,LONG,0.98,2298.22,2389.54,2026-01-13T14:29:35.254294,2026-01-14T07:02:25.254294,59570,-67.97,-2.45,-1.45,0.0,-71.87,EA Magic 0 auto trade
100262,100262,30001,EURUSD,LONG,0.49,2383.54,1885.42,2026-01-14T11:41:00.126762,2026-01-14T11:49:11.126762,491,-62.8,-1.23,0.21,0.0,-63.82,EA Magic 30001 auto trade
100190,100190,30001,BTCUSD,LONG,1.95,1991.24,2049.79,2026-01-14T16:01:49.677441,2026-01-14T22:29:24.677441,23255,-352.91,-4.88,0.14,0.0,-357.65,EA Magic 30001 auto trade
100216,100216,30001,EURUSD,LONG,1.93,2094.6,2145.53,2026-01-14T20:27:23.888422,2026-01-15T03:51:09.888422,26626,-195.32,-4.83,-0.21,0.0,-200.36,EA Magic 30001 auto trade
100072,100072,10001,BTCUSD,LONG,0.7,2108.76,2392.87,2026-01-14T16:44:59.756330,2026-01-15T12:51:41.756330,72402,306.65,-1.75,-0.48,0.0,304.42,EA Magic 10001 auto trade
100200,100200,10001,BTCUSD,LONG,1.7,2103.44,2023.92,2026-01-15T11:02:08.178221,2026-01-15T12:53:06.178221,6658,565.88,-4.25,-2.52,0.0,559.11,EA Magic 10001 auto trade
100223,100223,20001,EURUSD,SHORT,0.97,2062.9,2218.06,2026-01-16T03:08:07.072127,2026-01-16T08:22:36.072127,18869,235.88,-2.42,-0.53,0.0,232.93,EA Magic 20001 auto trade
100095,100095,10001,EURUSD,LONG,0.94,2211.41,2126.68,2026-01-16T05:07:12.405638,2026-01-16T15:23:18.405638,36966,-206.47,-2.35,-1.22,0.0,-210.04,EA Magic 10001 auto trade
100172,100172,30001,GBPJPY,SHORT,0.71,2144.48,2121.09,2026-01-16T15:21:22.486250,2026-01-17T08:45:32.486250,62650,-163.77,-1.77,-0.94,0.0,-166.48,EA Magic 30001 auto trade
100250,100250,30001,BTCUSD,SHORT,1.14,1843.8,2152.42,2026-01-17T08:39:20.388780,2026-01-17T13:32:39.388780,17599,271.78,-2.85,0.54,0.0,269.47,EA Magic 30001 auto trade
100013,100013,10002,XAUUSD,LONG,1.77,1841.53,2256.36,2026-01-17T23:06:44.003470,2026-01-18T10:23:30.003470,40606,-102.64,-4.42,-0.93,0.0,-107.99,EA Magic 10002 auto trade
100021,100021,20001,BTCUSD,SHORT,0.39,2125.32,2248.79,2026-01-18T04:53:24.603622,2026-01-18T21:32:22.603622,59938,170.62,-0.98,-0.13,0.0,169.51,EA Magic 20001 auto trade
100031,100031,10002,GBPJPY,SHORT,0.15,2281.34,2318.44,2026-01-18T16:05:43.715015,2026-01-19T00:47:52.715015,31329,-16.46,-0.38,0.05,0.0,-16.79,EA Magic 10002 auto trade
100206,100206,0,XAUUSD,LONG,1.86,2251.35,2227.63,2026-01-18T05:43:00.717238,2026-01-19T01:34:16.717238,71476,808.33,-4.65,-0.61,0.0,803.07,EA Magic 0 auto trade
100140,100140,20001,XAUUSD,SHORT,0.25,1992.73,1848.04,2026-01-18T12:05:13.306634,2026-01-19T07:04:35.306634,68362,-53.17,-0.62,-0.1,0.0,-53.89,EA Magic 20001 auto trade
100117,100117,0,EURUSD,SHORT,0.39,1964.8,1833.7,2026-01-18T11:06:55.657203,2026-01-19T07:45:04.657203,74289,88.48,-0.98,-0.35,0.0,87.15,EA Magic 0 auto trade
100166,100166,10002,GBPJPY,SHORT,2.0,2075.8,2119.88,2026-01-19T21:05:46.870816,2026-01-19T23:26:49.870816,8463,401.46,-5.0,0.83,0.0,397.29,EA Magic 10002 auto trade
100181,100181,10001,GBPJPY,LONG,0.41,2230.15,2093.3,2026-01-20T09:25:55.003759,2026-01-20T13:36:02.003759,15007,-54.44,-1.02,-0.06,0.0,-55.52,EA Magic 10001 auto trade
100189,100189,20001,EURUSD,LONG,0.67,1980.3,1836.57,2026-01-19T20:12:14.024510,2026-01-20T17:15:45.024510,75811,210.44,-1.68,-0.71,0.0,208.05,EA Magic 20001 auto trade
100122,100122,20001,XAUUSD,LONG,1.84,1877.37,2225.3,2026-01-22T07:08:21.057327,2026-01-22T12:41:50.057327,20009,574.86,-4.6,-0.32,0.0,569.94,EA Magic 20001 auto trade
100243,100243,10001,BTCUSD,SHORT,1.48,1857.11,1928.05,2026-01-22T17:34:14.902685,2026-01-22T23:40:49.902685,21995,-192.6,-3.7,-1.95,0.0,-198.25,EA Magic 10001 auto trade
100182,100182,10001,BTCUSD,LONG,1.08,2284.15,2233.97,2026-01-23T04:35:34.485769,2026-01-23T20:53:44.485769,58690,78.94,-2.7,-0.62,0.0,75.62,EA Magic 10001 auto trade
100169,100169,20001,GBPJPY,SHORT,0.18,2193.58,2248.4,2026-01-23T19:57:52.985743,2026-01-24T10:24:44.985743,52012,-10.19,-0.45,0.06,0.0,-10.58,EA Magic 20001 auto trade
100257,100257,10002,XAUUSD,LONG,1.73,2352.14,1907.38,2026-01-24T12:34:32.213533,2026-01-24T16:51:29.213533,15417,118.32,-4.33,-1.34,0.0,112.65,EA Magic 10002 auto trade
100174,100174,10001,XAUUSD,SHORT,1.18,2393.46,2125.98,2026-01-28T05:10:45.947047,2026-01-28T15:48:06.947047,38241,522.97,-2.95,-1.1,0.0,518.92,EA Magic 10001 auto trade
100185,100185,30001,XAUUSD,LONG,1.34,2117.31,2236.71,2026-01-28T13:30:38.006465,2026-01-29T03:20:17.006465,49779,162.66,-3.35,-0.57,0.0,158.74,EA Magic 30001 auto trade
100099,100099,10001,EURUSD,LONG,1.22,2052.58,1868.19,2026-01-29T12:09:39.121559,2026-01-29T17:02:34.121559,17575,190.5,-3.05,-1.52,0.0,185.93,EA Magic 10001 auto trade
100247,100247,10001,GBPJPY,LONG,1.22,1883.9,1966.18,2026-01-30T17:49:12.501004,2026-01-30T21:03:34.501004,11662,531.07,-3.05,-1.06,0.0,526.96,EA Magic 10001 auto trade
100103,100103,0,GBPJPY,SHORT,0.96,2049.59,1857.05,2026-01-31T04:15:03.033196,2026-02-01T04:01:59.033196,85616,178.15,-2.4,-0.57,0.0,175.18,EA Magic 0 auto trade
100007,100007,10002,XAUUSD,SHORT,0.86,2230.75,1927.58,2026-02-02T20:51:27.620825,2026-02-02T22:58:38.620825,7631,357.12,-2.15,-0.31,0.0,354.66,EA Magic 10002 auto trade
100131,100131,20001,GBPJPY,LONG,0.17,2255.3,2081.47,2026-02-02T15:06:31.058681,2026-02-03T14:51:22.058681,85491,-23.67,-0.43,0.03,0.0,-24.07,EA Magic 20001 auto trade
100088,100088,10002,EURUSD,LONG,1.31,2195.51,2303.0,2026-02-04T07:43:49.115900,2026-02-04T18:14:01.115900,37812,-238.85,-3.28,-0.08,0.0,-242.21,EA Magic 10002 auto trade
100150,100150,0,GBPJPY,LONG,0.92,1891.81,1898.79,2026-02-04T14:25:48.103655,2026-02-05T10:35:08.103655,72560,-47.51,-2.3,-1.15,0.0,-50.96,EA Magic 0 auto trade
100063,100063,30001,XAUUSD,LONG,0.39,1948.91,2134.84,2026-02-06T01:53:08.167920,2026-02-06T16:33:29.167920,52821,-93.33,-0.98,-0.52,0.0,-94.83,EA Magic 30001 auto trade
100098,100098,20001,GBPJPY,LONG,0.63,2279.11,1865.96,2026-02-07T23:08:32.721222,2026-02-08T07:42:31.721222,30839,-155.85,-1.57,-0.26,0.0,-157.68,EA Magic 20001 auto trade
100032,100032,10002,XAUUSD,SHORT,1.76,2076.18,1983.11,2026-02-08T07:51:48.312252,2026-02-08T17:39:38.312252,35270,-152.61,-4.4,0.23,0.0,-156.78,EA Magic 10002 auto trade
100273,100273,30001,EURUSD,SHORT,1.13,2033.03,1907.89,2026-02-10T05:56:14.660360,2026-02-10T06:43:53.660360,2859,-261.78,-2.82,-0.56,0.0,-265.16,EA Magic 30001 auto trade
100227,100227,10002,EURUSD,SHORT,0.47,2379.55,1988.04,2026-02-09T22:37:00.029315,2026-02-10T18:14:51.029315,70671,149.59,-1.17,-0.24,0.0,148.18,EA Magic 10002 auto trade
100030,100030,20001,GBPJPY,LONG,1.37,2384.3,2249.69,2026-02-11T07:18:48.597998,2026-02-11T08:50:57.597998,5529,375.32,-3.43,0.34,0.0,372.23,EA Magic 20001 auto trade
100232,100232,20001,XAUUSD,SHORT,0.53,2263.53,2097.19,2026-02-11T01:46:47.088520,2026-02-11T09:53:32.088520,29205,192.02,-1.33,-0.2,0.0,190.49,EA Magic 20001 auto trade
100033,100033,10002,XAUUSD,LONG,0.86,2010.69,2105.64,2026-02-11T03:50:07.480792,2026-02-11T12:12:18.480792,30131,66.88,-2.15,0.04,0.0,64.77,EA Magic 10002 auto trade
100298,100298,20001,BTCUSD,LONG,1.95,2264.42,1992.52,2026-02-11T08:06:58.847964,2026-02-11T19:31:14.847964,41056,331.87,-4.88,-0.02,0.0,326.97,EA Magic 20001 auto trade
100208,100208,0,EURUSD,LONG,0.29,2168.32,2157.37,2026-02-12T06:12:26.462056,2026-02-12T09:08:45.462056,10579,23.32,-0.72,-0.08,0.0,22.52,EA Magic 0 auto trade
100077,100077,20001,EURUSD,LONG,0.64,2093.78,1889.16,2026-02-11T20:04:48.541105,2026-02-12T11:16:15.541105,54687,182.26,-1.6,0.32,0.0,180.98,EA Magic 20001 auto trade
100296,100296,20001,BTCUSD,SHORT,0.83,1965.25,1886.31,2026-02-12T10:05:29.641041,2026-02-13T05:40:35.641041,70506,243.68,-2.07,-1.18,0.0,240.43,EA Magic 20001 auto trade
100289,100289,30001,EURUSD,LONG,1.32,1911.95,1826.77,2026-02-12T16:12:04.219280,2026-02-13T09:25:51.219280,62027,261.9,-3.3,-0.97,0.0,257.63,EA Magic 30001 auto trade
100295,100295,30001,GBPJPY,LONG,1.18,1863.38,2267.73,2026-02-13T19:02:08.284904,2026-02-13T23:12:56.284904,15048,-286.29,-2.95,-1.53,0.0,-290.77,EA Magic 30001 auto trade
100261,100261,0,GBPJPY,LONG,0.11,2303.74,2326.32,2026-02-15T07:12:36.218210,2026-02-15T14:24:30.218210,25914,15.75,-0.28,-0.09,0.0,15.38,EA Magic 0 auto trade
100179,100179,20001,EURUSD,LONG,0.52,2163.44,2049.51,2026-02-15T22:01:34.713547,2026-02-16T02:23:03.713547,15689,57.86,-1.3,-0.0,0.0,56.56,EA Magic 20001 auto trade
100046,100046,0,BTCUSD,SHORT,0.11,2372.06,2051.41,2026-02-16T01:47:07.832579,2026-02-16T02:34:47.832579,2860,38.65,-0.28,0.02,0.0,38.39,EA Magic 0 auto trade
100014,100014,30001,GBPJPY,SHORT,1.1,2253.16,2213.92,2026-02-16T14:56:06.639035,2026-02-16T19:41:34.639035,17128,-266.77,-2.75,0.39,0.0,-269.13,EA Magic 30001 auto trade
100044,100044,30001,GBPJPY,SHORT,0.94,2335.82,1848.35,2026-02-16T00:43:10.265427,2026-02-16T19:46:57.265427,68627,-83.89,-2.35,-0.78,0.0,-87.02,EA Magic 30001 auto trade
100157,100157,0,BTCUSD,SHORT,1.77,2074.34,1944.44,2026-02-16T13:11:20.057461,2026-02-17T07:24:48.057461,65608,-104.27,-4.42,-1.26,0.0,-109.95,EA Magic 0 auto trade
100060,100060,10002,GBPJPY,SHORT,0.63,2388.31,2299.58,2026-02-17T04:36:51.876920,2026-02-17T11:26:18.876920,24567,-125.78,-1.57,-0.19,0.0,-127.54,EA Magic 10002 auto trade
100082,100082,10001,XAUUSD,LONG,1.3,2060.38,1859.07,2026-02-17T03:42:02.744849,2026-02-17T23:28:54.744849,71212,-324.3,-3.25,-0.01,0.0,-327.56,EA Magic 10001 auto trade
100003,100003,30001,EURUSD,SHORT,0.4,1858.03,2308.5,2026-02-17T20:09:13.510015,2026-02-18T02:02:59.510015,21226,-44.27,-1.0,-0.53,0.0,-45.8,EA Magic 30001 auto trade
100291,100291,0,XAUUSD,SHORT,1.65,2084.89,2328.99,2026-02-18T03:50:14.190129,2026-02-18T12:12:14.190129,30120,435.94,-4.12,0.39,0.0,432.21,EA Magic 0 auto trade
100237,100237,10001,EURUSD,LONG,1.43,1948.53,2306.13,2026-02-19T00:37:19.672938,2026-02-19T15:41:27.672938,54248,155.15,-3.57,-1.22,0.0,150.36,EA Magic 10001 auto trade
100068,100068,20001,BTCUSD,LONG,0.99,2123.99,2062.66,2026-02-18T23:47:34.189990,2026-02-19T20:36:01.189990,74907,208.89,-2.48,-0.95,0.0,205.46,EA Magic 20001 auto trade
100047,100047,0,GBPJPY,SHORT,0.52,2207.49,2042.59,2026-02-19T06:51:45.999670,2026-02-20T02:49:47.999670,71882,32.04,-1.3,-0.43,0.0,30.31,EA Magic 0 auto trade
100112,100112,10002,BTCUSD,LONG,1.05,2317.06,1825.38,2026-02-19T22:31:00.036037,2026-02-20T04:59:48.036037,23328,-219.77,-2.62,-1.42,0.0,-223.81,EA Magic 10002 auto trade
100176,100176,0,GBPJPY,LONG,1.26,1996.76,2040.5,2026-02-21T15:05:01.172921,2026-02-22T01:54:30.172921,38969,-157.69,-3.15,-0.81,0.0,-161.65,EA Magic 0 auto trade
100234,100234,10002,EURUSD,LONG,0.95,2396.37,2265.38,2026-02-21T04:44:37.458018,2026-02-22T04:37:35.458018,85978,357.86,-2.38,-0.59,0.0,354.89,EA Magic 10002 auto trade
100299,100299,10001,GBPJPY,SHORT,0.5,2320.31,2292.61,2026-02-22T13:34:28.208449,2026-02-23T11:41:03.208449,79595,-97.8,-1.25,0.01,0.0,-99.04,EA Magic 10001 auto trade
100193,100193,10001,EURUSD,SHORT,1.38,2257.02,2234.58,2026-02-23T22:52:24.237815,2026-02-24T05:53:30.237815,25266,551.24,-3.45,-1.55,0.0,546.24,EA Magic 10001 auto trade
100173,100173,10002,BTCUSD,LONG,1.87,1911.79,2249.4,2026-02-24T10:47:17.551591,2026-02-24T12:13:45.551591,5188,718.98,-4.68,0.14,0.0,714.44,EA Magic 10002 auto trade
100255,100255,20001,GBPJPY,SHORT,1.49,2057.59,2114.31,2026-02-24T16:13:42.346228,2026-02-24T22:23:26.346228,22184,610.84,-3.73,-1.24,0.0,605.87,EA Magic 20001 auto trade
100149,100149,30001,BTCUSD,LONG,0.34,2110.42,1877.0,2026-02-24T11:21:27.732997,2026-02-25T06:34:50.732997,69203,27.09,-0.85,-0.19,0.0,26.05,EA Magic 30001 auto trade
100134,100134,30001,XAUUSD,SHORT,0.56,2384.79,1840.61,2026-02-24T21:17:53.297790,2026-02-25T07:59:10.297790,38477,176.82,-1.4,-0.74,0.0,174.68,EA Magic 30001 auto trade
100015,100015,20001,BTCUSD,SHORT,0.33,1938.07,1932.13,2026-02-25T17:32:53.258334,2026-02-26T08:09:29.258334,52596,61.13,-0.83,-0.11,0.0,60.19,EA Magic 20001 auto trade
100163,100163,30001,XAUUSD,SHORT,0.73,2339.26,2323.26,2026-02-26T15:20:36.213933,2026-02-27T02:20:30.213933,39594,158.13,-1.82,-0.65,0.0,155.66,EA Magic 30001 auto trade
100055,100055,10002,EURUSD,SHORT,0.98,1947.3,2360.77,2026-02-26T16:35:07.656700,2026-02-27T08:31:27.656700,57380,-161.13,-2.45,-0.84,0.0,-164.42,EA Magic 10002 auto trade
100168,100168,20001,BTCUSD,SHORT,1.16,2144.09,2125.91,2026-02-27T01:02:18.313934,2026-02-27T18:55:32.313934,64394,-222.2,-2.9,-1.07,0.0,-226.17,EA Magic 20001 auto trade
100026,100026,0,XAUUSD,SHORT,1.87,2333.83,2245.45,2026-02-27T02:27:05.768658,2026-02-28T00:48:18.768658,80473,750.34,-4.68,-1.82,0.0,743.84,EA Magic 0 auto trade
100240,100240,0,BTCUSD,LONG,1.94,1970.16,2128.39,2026-03-01T01:25:13.501049,2026-03-01T03:48:33.501049,8600,-279.15,-4.85,-1.66,0.0,-285.66,EA Magic 0 auto trade
100137,100137,10002,GBPJPY,LONG,1.46,2274.67,2331.47,2026-02-28T12:55:56.036574,2026-03-01T12:00:58.036574,83102,-69.74,-3.65,-1.6,0.0,-74.99,EA Magic 10002 auto trade
100239,100239,30001,BTCUSD,SHORT,1.21,2383.29,2180.9,2026-03-01T01:27:27.051822,2026-03-01T14:58:41.051822,48674,-263.67,-3.02,-1.59,0.0,-268.28,EA Magic 30001 auto trade
100220,100220,10001,EURUSD,LONG,0.31,2167.61,2137.93,2026-03-01T08:02:19.401170,2026-03-02T03:54:55.401170,71556,97.92,-0.78,-0.36,0.0,96.78,EA Magic 10001 auto trade
100036,100036,20001,BTCUSD,LONG,1.9,1874.78,2340.03,2026-03-02T17:37:04.334802,2026-03-03T00:52:29.334802,26125,-324.64,-4.75,-0.33,0.0,-329.72,EA Magic 20001 auto trade
100034,100034,20001,XAUUSD,LONG,1.77,1822.95,2157.94,2026-03-03T12:58:23.906878,2026-03-04T08:34:45.906878,70582,499.56,-4.42,0.83,0.0,495.97,EA Magic 20001 auto trade
100246,100246,0,XAUUSD,LONG,0.94,2047.03,2211.94,2026-03-04T16:17:29.847820,2026-03-04T18:51:55.847820,9266,-161.58,-2.35,-1.13,0.0,-165.06,EA Magic 0 auto trade
100070,100070,0,XAUUSD,LONG,0.99,2151.2,2180.87,2026-03-05T05:56:43.484533,2026-03-05T15:50:28.484533,35625,-230.05,-2.48,-1.13,0.0,-233.66,EA Magic 0 auto trade
100006,100006,10001,GBPJPY,LONG,0.41,2134.17,2210.77,2026-03-05T01:15:48.371695,2026-03-06T00:56:27.371695,85239,182.78,-1.02,-0.09,0.0,181.67,EA Magic 10001 auto trade
100141,100141,30001,BTCUSD,LONG,1.41,2011.54,2398.89,2026-03-07T05:41:02.951500,2026-03-07T16:55:35.951500,40473,94.39,-3.52,0.34,0.0,91.21,EA Magic 30001 auto trade
100073,100073,30001,BTCUSD,LONG,0.46,2255.99,1922.13,2026-03-07T11:09:59.353031,2026-03-08T07:00:17.353031,71418,162.19,-1.15,-0.11,0.0,160.93,EA Magic 30001 auto trade
100221,100221,30001,EURUSD,SHORT,0.3,2134.8,2212.6,2026-03-09T13:55:57.400459,2026-03-10T13:33:46.400459,85069,41.64,-0.75,-0.0,0.0,40.89,EA Magic 30001 auto trade
100001,100001,20001,GBPJPY,LONG,0.37,2154.3,1819.07,2026-03-11T12:46:48.114000,2026-03-11T13:46:26.114000,3578,128.12,-0.93,-0.15,0.0,127.04,EA Magic 20001 auto trade
100062,100062,10001,XAUUSD,SHORT,0.99,2364.64,2086.64,2026-03-11T02:32:42.807410,2026-03-11T20:30:02.807410,64640,122.51,-2.48,-1.38,0.0,118.65,EA Magic 10001 auto trade
100253,100253,10001,EURUSD,SHORT,1.49,2060.69,2072.02,2026-03-11T12:12:12.548779,2026-03-12T11:56:47.548779,85475,-77.72,-3.73,-1.98,0.0,-83.43,EA Magic 10001 auto trade
100083,100083,30001,GBPJPY,SHORT,1.82,2024.9,1887.34,2026-03-12T10:33:52.450418,2026-03-12T14:18:25.450418,13473,670.59,-4.55,-1.66,0.0,664.38,EA Magic 30001 auto trade
100164,100164,30001,EURUSD,LONG,1.47,2171.84,2304.7,2026-03-12T11:52:34.689288,2026-03-13T09:41:32.689288,78538,-111.44,-3.67,-0.36,0.0,-115.47,EA Magic 30001 auto trade
100089,100089,10001,EURUSD,SHORT,0.16,1996.03,2049.3,2026-03-12T15:08:15.175078,2026-03-13T14:03:57.175078,82542,16.41,-0.4,0.05,0.0,16.06,EA Magic 10001 auto trade
100067,100067,30001,XAUUSD,LONG,1.33,1899.55,1984.57,2026-03-13T20:33:41.556199,2026-03-14T03:50:49.556199,26228,-284.08,-3.33,-1.81,0.0,-289.22,EA Magic 30001 auto trade
100126,100126,30001,XAUUSD,SHORT,0.79,2251.43,2270.28,2026-03-13T23:06:30.739374,2026-03-14T05:13:07.739374,21997,-192.45,-1.98,-0.22,0.0,-194.65,EA Magic 30001 auto trade
100114,100114,10001,BTCUSD,LONG,0.56,1986.16,2003.71,2026-03-14T20:32:19.588709,2026-03-15T09:47:47.588709,47728,145.37,-1.4,-0.4,0.0,143.57,EA Magic 10001 auto trade
100201,100201,30001,BTCUSD,LONG,0.11,1964.84,2386.49,2026-03-14T12:31:10.095261,2026-03-15T11:02:58.095261,81108,-4.67,-0.28,-0.05,0.0,-5.0,EA Magic 30001 auto trade
100132,100132,10001,EURUSD,LONG,1.69,1866.71,1972.86,2026-03-15T18:49:31.588209,2026-03-15T21:47:35.588209,10684,576.11,-4.22,-0.75,0.0,571.14,EA Magic 10001 auto trade
100226,100226,30001,BTCUSD,SHORT,0.11,2277.6,2146.41,2026-03-15T19:53:17.593609,2026-03-16T03:09:20.593609,26163,17.75,-0.28,-0.01,0.0,17.46,EA Magic 30001 auto trade
100065,100065,10002,GBPJPY,SHORT,1.35,1801.61,2070.3,2026-03-16T18:47:45.736381,2026-03-16T22:29:31.736381,13306,161.36,-3.38,-1.82,0.0,156.16,EA Magic 10002 auto trade
100254,100254,10002,XAUUSD,LONG,1.45,2113.8,2269.79,2026-03-16T14:35:51.129961,2026-03-17T01:56:30.129961,40839,-107.89,-3.62,0.59,0.0,-110.92,EA Magic 10002 auto trade
100297,100297,10001,BTCUSD,SHORT,1.41,2023.46,2002.72,2026-03-16T11:59:51.016557,2026-03-17T02:42:25.016557,52954,338.52,-3.52,-1.36,0.0,333.64,EA Magic 10001 auto trade
100052,100052,10002,EURUSD,LONG,1.2,2025.18,2364.88,2026-03-17T04:32:06.658625,2026-03-17T08:47:18.658625,15312,-193.1,-3.0,0.38,0.0,-195.72,EA Magic 10002 auto trade
100110,100110,20001,GBPJPY,LONG,0.76,2116.16,1985.05,2026-03-16T18:21:58.615894,2026-03-17T09:31:45.615894,54587,244.18,-1.9,-0.24,0.0,242.04,EA Magic 20001 auto trade
100004,100004,30001,XAUUSD,SHORT,0.25,2016.98,1915.37,2026-03-17T22:20:09.443799,2026-03-18T00:00:04.443799,5995,75.36,-0.62,0.07,0.0,74.81,EA Magic 30001 auto trade
100069,100069,20001,EURUSD,LONG,0.27,2370.47,2399.74,2026-03-18T08:45:59.515554,2026-03-19T00:34:45.515554,56926,-58.2,-0.68,-0.09,0.0,-58.97,EA Magic 20001 auto trade
100097,100097,10001,EURUSD,LONG,1.98,2132.52,2151.83,2026-03-19T03:33:58.721169,2026-03-19T04:25:37.721169,3099,-164.52,-4.95,0.32,0.0,-169.15,EA Magic 10001 auto trade
100236,100236,20001,EURUSD,SHORT,1.19,2289.11,1881.35,2026-03-18T23:27:31.952740,2026-03-19T05:40:20.952740,22369,-176.15,-2.97,0.36,0.0,-178.76,EA Magic 20001 auto trade
100066,100066,10001,GBPJPY,SHORT,1.44,2354.35,2272.7,2026-03-19T08:08:44.977118,2026-03-19T18:49:59.977118,38475,-194.9,-3.6,-0.18,0.0,-198.68,EA Magic 10001 auto trade
100264,100264,30001,GBPJPY,LONG,0.65,2299.14,1995.75,2026-03-20T00:45:25.772211,2026-03-20T03:06:28.772211,8463,-152.4,-1.62,-0.46,0.0,-154.48,EA Magic 30001 auto trade
100229,100229,20001,XAUUSD,LONG,0.68,2050.94,1882.72,2026-03-20T05:36:37.271487,2026-03-20T10:34:13.271487,17856,222.61,-1.7,-0.33,0.0,220.58,EA Magic 20001 auto trade
100158,100158,10001,EURUSD,SHORT,1.24,1804.91,1864.5,2026-03-21T14:11:47.054016,2026-03-21T16:03:04.054016,6677,-224.72,-3.1,-1.15,0.0,-228.97,EA Magic 10001 auto trade
100087,100087,10001,BTCUSD,SHORT,0.12,2346.37,2247.1,2026-03-22T18:04:40.545479,2026-03-23T04:54:36.545479,38996,-24.41,-0.3,0.05,0.0,-24.66,EA Magic 10001 auto trade
100178,100178,20001,GBPJPY,LONG,1.37,2353.86,2332.68,2026-03-23T03:39:41.174449,2026-03-23T13:16:03.174449,34582,156.02,-3.43,-0.18,0.0,152.41,EA Magic 20001 auto trade
100198,100198,30001,EURUSD,SHORT,1.55,2076.5,2239.66,2026-03-23T17:34:37.182044,2026-03-24T02:36:25.182044,32508,-297.52,-3.88,-0.03,0.0,-301.43,EA Magic 30001 auto trade
100038,100038,0,XAUUSD,SHORT,0.65,2078.99,2065.3,2026-03-23T14:41:41.759944,2026-03-24T05:33:46.759944,53525,183.3,-1.62,-0.12,0.0,181.56,EA Magic 0 auto trade
100029,100029,10001,GBPJPY,LONG,1.69,1984.96,2339.39,2026-03-25T12:49:25.122640,2026-03-25T16:58:48.122640,14963,184.61,-4.22,-2.1,0.0,178.29,EA Magic 10001 auto trade
100194,100194,10002,EURUSD,SHORT,1.92,1870.39,2399.74,2026-03-25T08:19:34.076627,2026-03-26T01:51:49.076627,63135,815.74,-4.8,0.81,0.0,811.75,EA Magic 10002 auto trade
100105,100105,0,EURUSD,LONG,0.88,2349.51,1830.87,2026-03-25T15:08:25.003327,2026-03-26T12:34:34.003327,77169,-209.12,-2.2,-0.58,0.0,-211.9,EA Magic 0 auto trade
100260,100260,20001,GBPJPY,SHORT,1.17,2155.01,2096.02,2026-03-27T02:22:10.303537,2026-03-27T02:44:34.303537,1344,349.93,-2.92,-0.67,0.0,346.34,EA Magic 20001 auto trade
100147,100147,20001,GBPJPY,LONG,1.61,1883.33,2274.22,2026-03-27T05:27:18.045901,2026-03-27T16:06:36.045901,38358,158.66,-4.03,-1.77,0.0,152.86,EA Magic 20001 auto trade
100180,100180,0,GBPJPY,LONG,1.39,2116.9,2017.07,2026-03-27T02:10:44.602474,2026-03-27T19:24:16.602474,62012,-285.43,-3.47,-0.62,0.0,-289.52,EA Magic 0 auto trade
100074,100074,30001,BTCUSD,LONG,0.15,1986.45,1808.2,2026-03-27T08:53:55.856562,2026-03-27T19:28:07.856562,38052,-31.18,-0.38,-0.01,0.0,-31.57,EA Magic 30001 auto trade
100286,100286,20001,BTCUSD,LONG,0.92,1832.13,1998.66,2026-03-28T01:23:05.269680,2026-03-28T04:51:28.269680,12503,-154.13,-2.3,-0.58,0.0,-157.01,EA Magic 20001 auto trade
100167,100167,20001,BTCUSD,LONG,1.92,2389.36,2262.7,2026-03-27T08:41:31.577921,2026-03-28T08:11:50.577921,84619,325.25,-4.8,0.74,0.0,321.19,EA Magic 20001 auto trade
100078,100078,20001,BTCUSD,SHORT,1.87,2029.78,2313.61,2026-03-29T04:46:50.539166,2026-03-29T17:25:46.539166,45536,-459.95,-4.68,-1.91,0.0,-466.54,EA Magic 20001 auto trade
100094,100094,30001,EURUSD,SHORT,1.22,2300.22,2169.39,2026-03-29T07:39:46.868932,2026-03-29T21:53:46.868932,51240,-275.64,-3.05,-0.23,0.0,-278.92,EA Magic 30001 auto trade
100252,100252,10002,EURUSD,LONG,0.69,2121.83,2034.44,2026-03-29T03:37:29.664096,2026-03-30T02:08:15.664096,81046,-57.04,-1.72,0.08,0.0,-58.68,EA Magic 10002 auto trade
100266,100266,30001,EURUSD,SHORT,0.6,2295.83,2218.13,2026-03-29T21:15:38.096169,2026-03-30T04:54:13.096169,27515,67.83,-1.5,-0.08,0.0,66.25,EA Magic 30001 auto trade
100084,100084,10002,GBPJPY,LONG,0.25,2347.7,1885.87,2026-03-30T04:46:16.103767,2026-03-31T01:27:33.103767,74477,-42.53,-0.62,-0.25,0.0,-43.4,EA Magic 10002 auto trade
100128,100128,10002,GBPJPY,SHORT,0.2,2226.84,2109.55,2026-03-31T11:29:16.053464,2026-03-31T17:28:17.053464,21541,-23.59,-0.5,0.07,0.0,-24.02,EA Magic 10002 auto trade
100135,100135,0,XAUUSD,SHORT,1.76,2248.39,2014.26,2026-03-31T04:57:59.189967,2026-03-31T23:31:15.189967,66796,360.36,-4.4,-1.33,0.0,354.63,EA Magic 0 auto trade
100300,100300,10001,EURUSD,SHORT,0.36,1915.66,2299.76,2026-04-02T16:15:41.268633,2026-04-02T22:07:57.268633,21136,-80.88,-0.9,-0.52,0.0,-82.3,EA Magic 10001 auto trade
100233,100233,10001,EURUSD,SHORT,1.13,1931.13,2055.09,2026-04-02T20:28:51.079320,2026-04-03T17:24:57.079320,75366,-225.55,-2.82,-0.7,0.0,-229.07,EA Magic 10001 auto trade
100012,100012,10002,EURUSD,LONG,1.12,1994.49,1811.69,2026-04-03T23:40:07.543101,2026-04-04T06:59:38.543101,26371,-169.54,-2.8,-1.68,0.0,-174.02,EA Magic 10002 auto trade
100118,100118,30001,BTCUSD,LONG,0.21,2313.18,2169.01,2026-04-03T21:01:03.443590,2026-04-04T08:24:08.443590,40985,-11.78,-0.53,0.05,0.0,-12.26,EA Magic 30001 auto trade
100037,100037,20001,BTCUSD,SHORT,1.15,2248.88,1904.42,2026-04-03T18:22:34.500860,2026-04-04T09:19:42.500860,53828,363.37,-2.88,-0.85,0.0,359.64,EA Magic 20001 auto trade
100119,100119,0,XAUUSD,SHORT,1.83,2100.82,2374.63,2026-04-03T16:38:04.988439,2026-04-04T09:33:52.988439,60948,-145.54,-4.58,-0.53,0.0,-150.65,EA Magic 0 auto trade
100152,100152,0,GBPJPY,LONG,1.35,2138.17,2295.14,2026-04-04T22:45:31.136601,2026-04-05T04:58:54.136601,22403,-225.56,-3.38,0.25,0.0,-228.69,EA Magic 0 auto trade
100259,100259,10002,GBPJPY,LONG,1.91,2306.91,1996.38,2026-04-05T05:16:47.944930,2026-04-05T07:16:50.944930,7203,450.83,-4.77,-1.79,0.0,444.27,EA Magic 10002 auto trade
100008,100008,30001,GBPJPY,SHORT,0.37,2057.06,2150.12,2026-04-04T19:55:48.135993,2026-04-05T19:25:07.135993,84559,-56.68,-0.93,-0.0,0.0,-57.61,EA Magic 30001 auto trade
100175,100175,0,BTCUSD,SHORT,0.47,1954.36,1911.72,2026-04-06T13:25:36.722461,2026-04-06T18:23:45.722461,17889,54.05,-1.17,-0.27,0.0,52.61,EA Magic 0 auto trade
100277,100277,10002,BTCUSD,LONG,0.27,1800.41,2350.74,2026-04-06T14:20:33.673596,2026-04-07T01:40:41.673596,40808,37.13,-0.68,-0.12,0.0,36.33,EA Magic 10002 auto trade
100071,100071,30001,EURUSD,SHORT,0.73,2216.2,1972.93,2026-04-07T00:26:13.007942,2026-04-07T03:50:32.007942,12259,-160.69,-1.82,-0.61,0.0,-163.12,EA Magic 30001 auto trade
100058,100058,10001,EURUSD,LONG,0.87,2132.08,2006.25,2026-04-07T07:02:18.280475,2026-04-07T07:44:58.280475,2560,274.56,-2.17,-0.66,0.0,271.73,EA Magic 10001 auto trade
100280,100280,10002,EURUSD,LONG,1.36,1976.71,1906.62,2026-04-07T11:45:30.986108,2026-04-07T23:23:36.986108,41886,-162.47,-3.4,-0.04,0.0,-165.91,EA Magic 10002 auto trade
100076,100076,10002,BTCUSD,LONG,0.83,2318.42,1965.75,2026-04-08T02:25:24.262768,2026-04-08T19:41:58.262768,62194,-121.79,-2.07,0.21,0.0,-123.65,EA Magic 10002 auto trade
100195,100195,0,GBPJPY,SHORT,1.84,2120.19,2015.56,2026-04-09T02:14:37.214741,2026-04-09T11:09:34.214741,32097,-373.26,-4.6,-1.36,0.0,-379.22,EA Magic 0 auto trade
100292,100292,30001,XAUUSD,LONG,0.33,2383.3,2285.08,2026-04-09T19:41:12.688238,2026-04-09T22:38:40.688238,10648,-25.18,-0.83,0.15,0.0,-25.86,EA Magic 30001 auto trade
100184,100184,30001,GBPJPY,LONG,1.56,2395.71,2029.49,2026-04-10T06:12:51.368065,2026-04-10T16:45:00.368065,37929,-273.99,-3.9,-1.03,0.0,-278.92,EA Magic 30001 auto trade
100050,100050,10001,EURUSD,LONG,1.34,2369.77,1919.62,2026-04-10T04:38:57.766832,2026-04-11T00:22:19.766832,71002,-237.0,-3.35,0.01,0.0,-240.34,EA Magic 10001 auto trade
100081,100081,20001,BTCUSD,LONG,1.72,1990.0,2231.23,2026-04-10T18:09:56.857102,2026-04-11T03:53:53.857102,35037,-379.19,-4.3,-1.27,0.0,-384.76,EA Magic 20001 auto trade
100018,100018,10001,XAUUSD,SHORT,1.48,2121.77,1884.11,2026-04-11T12:29:44.046311,2026-04-11T14:33:04.046311,7400,-93.16,-3.7,-1.65,0.0,-98.51,EA Magic 10001 auto trade
100085,100085,30001,EURUSD,LONG,1.81,1844.32,2367.14,2026-04-12T06:35:59.231120,2026-04-12T15:55:48.231120,33589,298.75,-4.53,-0.74,0.0,293.48,EA Magic 30001 auto trade
100101,100101,10001,BTCUSD,SHORT,0.91,2339.56,1993.27,2026-04-13T04:08:12.379954,2026-04-13T05:21:14.379954,4382,304.81,-2.27,-0.56,0.0,301.98,EA Magic 10001 auto trade
100092,100092,0,BTCUSD,SHORT,0.31,2136.84,2349.15,2026-04-13T09:47:37.380300,2026-04-13T19:25:19.380300,34662,18.6,-0.78,0.08,0.0,17.9,EA Magic 0 auto trade
100265,100265,10001,GBPJPY,LONG,1.58,2079.63,2043.91,2026-04-13T19:35:42.564405,2026-04-14T04:11:01.564405,30919,177.22,-3.95,-1.85,0.0,171.42,EA Magic 10001 auto trade
100120,100120,10001,GBPJPY,LONG,0.57,1895.25,2023.71,2026-04-14T01:15:01.292214,2026-04-14T13:50:16.292214,45315,128.69,-1.42,-0.26,0.0,127.01,EA Magic 10001 auto trade
100160,100160,20001,XAUUSD,LONG,1.95,2363.37,2252.98,2026-04-13T18:27:50.355897,2026-04-14T14:34:00.355897,72370,717.52,-4.88,-1.6,0.0,711.04,EA Magic 20001 auto trade
100283,100283,10002,GBPJPY,LONG,0.77,2062.93,2051.79,2026-04-14T20:55:01.948528,2026-04-15T06:39:22.948528,35061,-147.29,-1.93,-1.08,0.0,-150.3,EA Magic 10002 auto trade
100144,100144,0,GBPJPY,SHORT,0.86,2241.4,2099.43,2026-04-15T15:23:50.858358,2026-04-15T18:16:47.858358,10377,-79.48,-2.15,-1.09,0.0,-82.72,EA Magic 0 auto trade
100290,100290,10002,EURUSD,LONG,0.39,2284.91,2048.39,2026-04-16T02:44:44.627411,2026-04-16T12:25:08.627411,34824,-23.52,-0.98,-0.06,0.0,-24.56,EA Magic 10002 auto trade
100143,100143,10001,GBPJPY,SHORT,0.79,2069.95,2022.58,2026-04-16T14:30:42.910149,2026-04-16T19:11:27.910149,16845,-36.97,-1.98,-0.94,0.0,-39.89,EA Magic 10001 auto trade
100054,100054,10001,EURUSD,LONG,1.71,2181.35,2297.22,2026-04-17T23:55:45.821790,2026-04-18T13:30:16.821790,48871,-106.3,-4.28,0.72,0.0,-109.86,EA Magic 10001 auto trade
100104,100104,20001,GBPJPY,SHORT,0.23,2243.28,2287.06,2026-04-18T11:06:49.858247,2026-04-18T20:28:37.858247,33708,-13.7,-0.58,-0.3,0.0,-14.58,EA Magic 20001 auto trade
100271,100271,10002,GBPJPY,SHORT,0.63,1947.47,1977.06,2026-04-18T07:56:20.869019,2026-04-18T20:54:32.869019,46692,-29.78,-1.57,-0.16,0.0,-31.51,EA Magic 10002 auto trade
100124,100124,10001,EURUSD,SHORT,0.44,1935.93,1882.54,2026-04-18T21:43:30.874576,2026-04-19T10:58:55.874576,47725,188.79,-1.1,-0.23,0.0,187.46,EA Magic 10001 auto trade
100064,100064,0,GBPJPY,SHORT,0.96,1983.23,2172.62,2026-04-19T20:26:18.302644,2026-04-20T18:13:33.302644,78435,378.3,-2.4,0.46,0.0,376.36,EA Magic 0 auto trade
100272,100272,30001,XAUUSD,LONG,0.63,2115.49,2178.45,2026-04-20T16:09:29.891299,2026-04-21T12:17:28.891299,72479,81.76,-1.57,0.17,0.0,80.36,EA Magic 30001 auto trade
100079,100079,30001,BTCUSD,SHORT,1.98,2378.89,1875.75,2026-04-21T05:52:53.397630,2026-04-21T17:32:57.397630,42004,-350.31,-4.95,-2.37,0.0,-357.63,EA Magic 30001 auto trade
100075,100075,10001,BTCUSD,LONG,1.33,2223.25,2049.29,2026-04-21T21:18:49.514884,2026-04-22T05:34:40.514884,29751,562.67,-3.33,-1.22,0.0,558.12,EA Magic 10001 auto trade
100204,100204,0,BTCUSD,LONG,1.31,2186.94,1998.76,2026-04-22T03:28:47.591499,2026-04-22T17:17:43.591499,49736,-75.15,-3.28,0.25,0.0,-78.18,EA Magic 0 auto trade
100207,100207,20001,GBPJPY,LONG,1.18,2030.31,2243.85,2026-04-23T20:34:27.974432,2026-04-23T23:27:31.974432,10384,-214.97,-2.95,-0.49,0.0,-218.41,EA Magic 20001 auto trade
100183,100183,10002,XAUUSD,LONG,0.91,2336.53,2391.68,2026-04-24T09:24:22.346424,2026-04-24T09:35:57.346424,695,-139.82,-2.27,-1.26,0.0,-143.35,EA Magic 10002 auto trade
100215,100215,30001,EURUSD,SHORT,0.74,1881.67,1992.4,2026-04-23T12:02:41.035130,2026-04-24T10:42:30.035130,81589,-163.17,-1.85,0.33,0.0,-164.69,EA Magic 30001 auto trade
100238,100238,0,EURUSD,SHORT,0.81,2041.71,2249.88,2026-04-24T18:22:15.614917,2026-04-24T23:37:49.614917,18934,297.95,-2.03,0.03,0.0,295.95,EA Magic 0 auto trade
100228,100228,0,XAUUSD,SHORT,0.77,2280.37,2351.21,2026-04-25T02:48:02.897902,2026-04-25T17:10:33.897902,51751,91.64,-1.93,-0.12,0.0,89.59,EA Magic 0 auto trade
100145,100145,10001,EURUSD,SHORT,1.44,2399.18,1920.11,2026-04-25T03:46:44.949246,2026-04-26T00:18:43.949246,73919,424.44,-3.6,-0.16,0.0,420.68,EA Magic 10001 auto trade
100010,100010,30001,EURUSD,LONG,1.39,2261.16,2004.11,2026-04-25T12:07:26.452455,2026-04-26T09:54:10.452455,78404,561.44,-3.47,0.0,0.0,557.97,EA Magic 30001 auto trade
100230,100230,30001,GBPJPY,LONG,1.03,1832.17,2015.42,2026-04-26T07:37:27.341565,2026-04-26T14:28:14.341565,24647,181.11,-2.58,-0.62,0.0,177.91,EA Magic 30001 auto trade
100279,100279,20001,BTCUSD,LONG,0.74,2062.12,2183.56,2026-04-29T21:02:58.698956,2026-04-29T23:46:24.698956,9806,325.85,-1.85,-0.03,0.0,323.97,EA Magic 20001 auto trade
100009,100009,0,BTCUSD,LONG,1.54,2208.29,2157.85,2026-04-30T07:09:11.990983,2026-04-30T12:16:22.990983,18431,-111.03,-3.85,-1.82,0.0,-116.7,EA Magic 0 auto trade
100199,100199,0,BTCUSD,LONG,1.84,1820.29,2308.02,2026-05-02T01:31:03.913718,2026-05-02T06:41:47.913718,18644,-321.6,-4.6,-2.54,0.0,-328.74,EA Magic 0 auto trade
100130,100130,30001,XAUUSD,SHORT,1.05,1816.91,2358.5,2026-05-02T16:50:09.548405,2026-05-02T17:53:24.548405,3795,470.2,-2.62,-0.79,0.0,466.79,EA Magic 30001 auto trade
100035,100035,30001,XAUUSD,SHORT,1.81,2111.95,2283.91,2026-05-02T23:13:31.722773,2026-05-03T10:43:45.722773,41414,122.64,-4.53,-1.14,0.0,116.97,EA Magic 30001 auto trade
100115,100115,10001,XAUUSD,LONG,1.82,2289.02,1941.76,2026-05-05T11:02:11.466604,2026-05-05T17:14:28.466604,22337,620.53,-4.55,0.25,0.0,616.23,EA Magic 10001 auto trade
100139,100139,20001,BTCUSD,SHORT,1.51,2097.72,2098.51,2026-05-05T17:34:03.961014,2026-05-05T22:10:58.961014,16615,-183.01,-3.77,0.68,0.0,-186.1,EA Magic 20001 auto trade
100109,100109,0,XAUUSD,LONG,0.4,2065.87,2054.41,2026-05-06T10:00:53.946013,2026-05-07T06:45:48.946013,74695,-20.18,-1.0,-0.53,0.0,-21.71,EA Magic 0 auto trade
100151,100151,20001,EURUSD,LONG,0.58,1981.69,2120.09,2026-05-07T05:54:39.681661,2026-05-07T14:12:11.681661,29852,-90.29,-1.45,-0.72,0.0,-92.46,EA Magic 20001 auto trade
100224,100224,10001,XAUUSD,LONG,1.71,2390.34,1946.35,2026-05-07T19:23:35.540583,2026-05-08T06:24:31.540583,39656,-311.56,-4.28,-2.0,0.0,-317.84,EA Magic 10001 auto trade
100274,100274,10001,EURUSD,LONG,1.64,1939.66,1895.77,2026-05-07T22:29:20.756510,2026-05-08T06:32:47.756510,29007,316.48,-4.1,-0.54,0.0,311.84,EA Magic 10001 auto trade
100043,100043,0,BTCUSD,SHORT,1.8,1948.34,2182.6,2026-05-07T21:10:25.849116,2026-05-08T13:22:13.849116,58308,-251.43,-4.5,-1.77,0.0,-257.7,EA Magic 0 auto trade
100138,100138,0,BTCUSD,SHORT,0.58,2268.5,2319.48,2026-05-08T09:21:03.490204,2026-05-08T20:43:25.490204,40942,-46.48,-1.45,-0.46,0.0,-48.39,EA Magic 0 auto trade
100219,100219,10002,BTCUSD,SHORT,0.24,2103.97,2352.24,2026-05-10T18:34:39.427291,2026-05-11T03:51:38.427291,33419,-33.75,-0.6,-0.17,0.0,-34.52,EA Magic 10002 auto trade
100133,100133,10002,BTCUSD,SHORT,0.22,2179.17,2145.03,2026-05-11T09:18:10.305412,2026-05-11T11:07:28.305412,6558,-31.89,-0.55,-0.09,0.0,-32.53,EA Magic 10002 auto trade
100214,100214,20001,EURUSD,LONG,1.47,1881.29,1804.06,2026-05-11T14:17:02.630629,2026-05-11T17:10:04.630629,10382,436.1,-3.67,-0.86,0.0,431.57,EA Magic 20001 auto trade
100061,100061,10002,EURUSD,LONG,1.45,1975.28,2366.45,2026-05-11T19:05:25.686917,2026-05-12T08:18:46.686917,47601,98.9,-3.62,-2.02,0.0,93.26,EA Magic 10002 auto trade
100249,100249,10002,BTCUSD,SHORT,0.31,2386.62,2392.13,2026-05-12T09:17:09.702700,2026-05-12T11:21:21.702700,7452,-51.06,-0.78,-0.14,0.0,-51.98,EA Magic 10002 auto trade
100011,100011,30001,XAUUSD,SHORT,1.95,2175.18,2305.0,2026-05-12T14:20:07.682892,2026-05-12T20:10:37.682892,21030,-285.9,-4.88,-2.51,0.0,-293.29,EA Magic 30001 auto trade
100106,100106,20001,XAUUSD,LONG,0.39,2133.76,1868.93,2026-05-13T10:04:46.135886,2026-05-13T21:32:19.135886,41253,151.67,-0.98,-0.31,0.0,150.38,EA Magic 20001 auto trade
100121,100121,20001,XAUUSD,SHORT,0.23,2234.24,2193.94,2026-05-14T03:01:52.749006,2026-05-14T17:59:50.749006,53878,73.91,-0.58,-0.21,0.0,73.12,EA Magic 20001 auto trade
100263,100263,10002,BTCUSD,SHORT,0.97,2182.33,2036.61,2026-05-15T05:34:15.071062,2026-05-15T07:15:09.071062,6054,-157.1,-2.42,-0.47,0.0,-159.99,EA Magic 10002 auto trade
100057,100057,20001,XAUUSD,LONG,0.26,2214.37,2187.54,2026-05-14T10:11:03.877656,2026-05-15T07:58:22.877656,78439,-37.08,-0.65,0.0,0.0,-37.73,EA Magic 20001 auto trade
100056,100056,10002,BTCUSD,SHORT,0.74,2012.89,1955.01,2026-05-14T18:37:52.552176,2026-05-15T11:07:39.552176,59387,-80.11,-1.85,-0.39,0.0,-82.35,EA Magic 10002 auto trade
100107,100107,30001,XAUUSD,SHORT,0.16,2010.61,1908.84,2026-05-15T04:21:55.842895,2026-05-15T12:40:58.842895,29943,56.79,-0.4,0.05,0.0,56.44,EA Magic 30001 auto trade
100187,100187,10001,BTCUSD,LONG,0.56,2203.21,2323.33,2026-05-15T21:05:57.116947,2026-05-16T01:17:27.116947,15090,161.04,-1.4,-0.34,0.0,159.3,EA Magic 10001 auto trade
100142,100142,10001,BTCUSD,SHORT,1.07,2309.2,2206.85,2026-05-16T03:50:48.723733,2026-05-16T06:01:06.723733,7818,-78.75,-2.68,-1.54,0.0,-82.97,EA Magic 10001 auto trade
100256,100256,10001,BTCUSD,SHORT,1.07,1894.39,2264.0,2026-05-17T11:04:36.713964,2026-05-18T08:09:18.713964,75882,421.31,-2.68,-1.25,0.0,417.38,EA Magic 10001 auto trade
100196,100196,30001,BTCUSD,LONG,1.63,1921.88,1987.75,2026-05-17T19:23:50.254520,2026-05-18T14:09:05.254520,67515,-325.91,-4.07,-1.4,0.0,-331.38,EA Magic 30001 auto trade
100049,100049,10002,BTCUSD,SHORT,0.74,2052.94,2300.95,2026-05-18T08:13:14.689544,2026-05-18T20:13:20.689544,43206,-72.84,-1.85,0.3,0.0,-74.39,EA Magic 10002 auto trade
100275,100275,20001,XAUUSD,LONG,1.19,2394.93,1904.23,2026-05-20T16:29:30.779785,2026-05-21T01:21:18.779785,31908,-144.67,-2.97,0.44,0.0,-147.2,EA Magic 20001 auto trade
100188,100188,30001,BTCUSD,LONG,1.13,2396.09,1940.5,2026-05-21T13:09:08.163869,2026-05-21T14:50:46.163869,6098,-229.36,-2.82,-1.38,0.0,-233.56,EA Magic 30001 auto trade
100217,100217,20001,BTCUSD,SHORT,0.32,2209.03,2130.06,2026-05-21T11:02:59.020086,2026-05-22T00:49:29.020086,49590,-52.6,-0.8,-0.13,0.0,-53.53,EA Magic 20001 auto trade
100024,100024,10002,EURUSD,SHORT,0.7,2399.07,2397.66,2026-05-22T02:28:51.748535,2026-05-22T16:58:27.748535,52176,-38.66,-1.75,-0.41,0.0,-40.82,EA Magic 10002 auto trade
100235,100235,20001,BTCUSD,LONG,1.27,2142.04,2119.37,2026-05-22T03:00:06.630554,2026-05-23T00:29:26.630554,77360,-267.77,-3.17,0.14,0.0,-270.8,EA Magic 20001 auto trade
100276,100276,20001,XAUUSD,SHORT,1.9,2392.8,2328.98,2026-05-22T14:32:07.467206,2026-05-23T02:11:48.467206,41981,-300.68,-4.75,-2.13,0.0,-307.56,EA Magic 20001 auto trade
100127,100127,20001,BTCUSD,LONG,0.8,1969.06,2029.12,2026-05-23T04:24:49.893312,2026-05-23T13:12:17.893312,31648,-197.39,-2.0,-0.46,0.0,-199.85,EA Magic 20001 auto trade
100171,100171,30001,EURUSD,SHORT,0.29,2357.46,2044.14,2026-05-23T14:30:44.505515,2026-05-23T18:14:37.505515,13433,-11.92,-0.72,-0.12,0.0,-12.76,EA Magic 30001 auto trade
100245,100245,10001,XAUUSD,SHORT,0.8,2324.7,2184.95,2026-05-24T07:42:42.000894,2026-05-24T11:02:50.000894,12008,162.47,-2.0,0.1,0.0,160.57,EA Magic 10001 auto trade
100040,100040,10002,XAUUSD,LONG,0.57,2048.66,2177.86,2026-05-24T22:19:00.046027,2026-05-25T05:39:00.046027,26400,222.24,-1.42,-0.77,0.0,220.05,EA Magic 10002 auto trade
100186,100186,10001,EURUSD,SHORT,1.38,1948.51,2007.7,2026-05-25T13:51:58.444910,2026-05-25T14:04:33.444910,755,362.63,-3.45,0.2,0.0,359.38,EA Magic 10001 auto trade
100093,100093,30001,EURUSD,SHORT,0.32,1869.67,1940.88,2026-05-25T17:24:23.988066,2026-05-25T19:47:28.988066,8585,20.76,-0.8,0.16,0.0,20.12,EA Magic 30001 auto trade
100222,100222,30001,BTCUSD,LONG,0.76,2377.04,1869.64,2026-05-25T07:32:10.122568,2026-05-25T21:14:26.122568,49336,69.78,-1.9,-0.51,0.0,67.37,EA Magic 30001 auto trade
100111,100111,10001,XAUUSD,LONG,0.67,1996.87,1804.64,2026-05-25T01:33:14.974682,2026-05-25T23:27:28.974682,78854,70.28,-1.68,-0.66,0.0,67.94,EA Magic 10001 auto trade
100042,100042,30001,XAUUSD,LONG,1.84,2118.68,2135.36,2026-05-25T11:45:45.323912,2026-05-26T06:42:14.323912,68189,190.14,-4.6,-1.05,0.0,184.49,EA Magic 30001 auto trade
100170,100170,20001,EURUSD,LONG,0.31,2343.11,1935.4,2026-05-26T07:58:56.844403,2026-05-27T03:40:28.844403,70892,-27.98,-0.78,-0.43,0.0,-29.19,EA Magic 20001 auto trade
100039,100039,10002,XAUUSD,SHORT,1.08,2250.68,2203.68,2026-05-26T11:35:46.495435,2026-05-27T04:54:27.495435,62321,-119.22,-2.7,0.15,0.0,-121.77,EA Magic 10002 auto trade
100278,100278,20001,GBPJPY,SHORT,0.21,1866.55,2115.78,2026-05-29T04:56:14.593725,2026-05-29T09:46:17.593725,17403,69.69,-0.53,-0.26,0.0,68.9,EA Magic 20001 auto trade
100090,100090,20001,EURUSD,LONG,0.59,2247.94,2003.23,2026-05-28T16:56:30.037219,2026-05-29T12:39:51.037219,71001,-83.3,-1.47,0.07,0.0,-84.7,EA Magic 20001 auto trade
100161,100161,30001,XAUUSD,LONG,0.17,1889.36,2335.88,2026-05-29T01:32:52.509713,2026-05-29T20:10:03.509713,67031,-35.5,-0.43,-0.08,0.0,-36.01,EA Magic 30001 auto trade
100053,100053,10002,XAUUSD,SHORT,1.72,2269.58,2008.32,2026-05-29T01:40:19.990287,2026-05-29T23:18:46.990287,77907,-112.53,-4.3,0.8,0.0,-116.03,EA Magic 10002 auto trade
100041,100041,30001,BTCUSD,LONG,0.38,2331.28,2267.05,2026-05-30T02:04:26.881841,2026-05-30T16:08:14.881841,50628,-86.43,-0.95,0.08,0.0,-87.3,EA Magic 30001 auto trade
100019,100019,10002,XAUUSD,SHORT,1.64,2124.35,1808.85,2026-05-31T22:30:08.751054,2026-06-01T15:25:45.751054,60937,-99.32,-4.1,-0.32,0.0,-103.74,EA Magic 10002 auto trade
100225,100225,20001,BTCUSD,SHORT,0.54,2059.28,1817.52,2026-06-03T00:32:46.006736,2026-06-03T06:27:35.006736,21289,66.84,-1.35,-0.12,0.0,65.37,EA Magic 20001 auto trade
100284,100284,30001,BTCUSD,SHORT,1.14,2190.58,2212.3,2026-06-04T02:21:30.219699,2026-06-04T17:30:56.219699,54566,275.65,-2.85,0.26,0.0,273.06,EA Magic 30001 auto trade
100048,100048,10002,XAUUSD,SHORT,1.22,2320.11,1909.04,2026-06-04T06:00:15.023940,2026-06-04T23:06:16.023940,61561,-70.31,-3.05,-0.78,0.0,-74.14,EA Magic 10002 auto trade
100285,100285,10001,EURUSD,LONG,0.71,2025.27,2239.19,2026-06-05T06:39:16.612905,2026-06-05T09:25:17.612905,9961,-39.46,-1.77,-0.82,0.0,-42.05,EA Magic 10001 auto trade
100027,100027,0,GBPJPY,SHORT,0.49,2343.2,2307.66,2026-06-06T06:13:15.790796,2026-06-06T16:33:45.790796,37230,-46.76,-1.23,-0.26,0.0,-48.25,EA Magic 0 auto trade
100045,100045,10002,GBPJPY,LONG,0.89,2299.73,2033.69,2026-06-06T22:28:48.290197,2026-06-07T12:30:33.290197,50505,210.37,-2.23,-1.22,0.0,206.92,EA Magic 10002 auto trade
100191,100191,10002,BTCUSD,LONG,1.71,2348.84,2137.43,2026-06-07T05:41:16.446720,2026-06-07T19:28:39.446720,49643,569.48,-4.28,0.19,0.0,565.39,EA Magic 10002 auto trade
100102,100102,20001,EURUSD,SHORT,1.99,1859.51,2221.07,2026-06-07T18:37:04.026947,2026-06-07T23:17:44.026947,16840,460.66,-4.97,-0.58,0.0,455.11,EA Magic 20001 auto trade
100165,100165,10001,XAUUSD,LONG,0.14,2046.23,2264.98,2026-06-07T16:48:18.868130,2026-06-08T01:42:23.868130,32045,15.48,-0.35,-0.02,0.0,15.11,EA Magic 10001 auto trade
100116,100116,10002,GBPJPY,LONG,0.44,2255.93,2069.34,2026-06-08T00:11:35.200962,2026-06-08T07:27:31.200962,26156,-63.26,-1.1,0.0,0.0,-64.36,EA Magic 10002 auto trade
100155,100155,20001,BTCUSD,LONG,1.55,1873.51,2069.76,2026-06-08T07:44:23.198656,2026-06-08T19:26:56.198656,42153,143.33,-3.88,-1.58,0.0,137.87,EA Magic 20001 auto trade
100108,100108,10001,GBPJPY,LONG,0.27,1894.45,1986.98,2026-06-08T06:34:33.505818,2026-06-08T21:15:04.505818,52831,54.13,-0.68,-0.16,0.0,53.29,EA Magic 10001 auto trade
100156,100156,20001,BTCUSD,SHORT,0.57,2146.61,1987.63,2026-06-09T05:34:50.703970,2026-06-09T07:30:22.703970,6932,-41.92,-1.42,-0.48,0.0,-43.82,EA Magic 20001 auto trade
100282,100282,10002,EURUSD,SHORT,0.42,2183.46,2331.99,2026-06-09T05:36:08.022170,2026-06-09T08:31:06.022170,10498,-24.63,-1.05,-0.03,0.0,-25.71,EA Magic 10002 auto trade
100162,100162,20001,GBPJPY,SHORT,1.98,2296.97,2119.4,2026-06-08T13:50:21.792885,2026-06-09T12:14:37.792885,80656,-203.62,-4.95,-1.64,0.0,-210.21,EA Magic 20001 auto trade
100146,100146,30001,GBPJPY,SHORT,1.99,2200.7,2225.72,2026-06-10T02:58:17.331072,2026-06-10T05:45:03.331072,10006,-483.94,-4.97,0.94,0.0,-487.97,EA Magic 30001 auto trade
100159,100159,20001,BTCUSD,SHORT,0.19,1973.16,2031.81,2026-06-10T03:47:11.434649,2026-06-10T13:29:55.434649,34964,52.2,-0.47,-0.15,0.0,51.58,EA Magic 20001 auto trade
100017,100017,0,BTCUSD,LONG,1.59,2058.63,2054.15,2026-06-09T23:38:10.812245,2026-06-10T20:30:37.812245,75147,-127.18,-3.98,-2.08,0.0,-133.24,EA Magic 0 auto trade
100269,100269,20001,XAUUSD,SHORT,1.84,2187.59,2285.58,2026-06-10T12:44:23.309333,2026-06-11T03:24:28.309333,52805,825.91,-4.6,-2.03,0.0,819.28,EA Magic 20001 auto trade
100241,100241,20001,XAUUSD,LONG,0.29,2314.59,2064.77,2026-06-10T10:10:35.902834,2026-06-11T03:55:49.902834,63914,-39.59,-0.72,-0.36,0.0,-40.67,EA Magic 20001 auto trade
100293,100293,10001,BTCUSD,LONG,1.99,2346.48,2348.5,2026-06-11T07:28:35.032790,2026-06-11T22:58:27.032790,55792,-428.17,-4.97,-1.96,0.0,-435.1,EA Magic 10001 auto trade
100129,100129,10002,EURUSD,SHORT,1.82,1933.22,2070.68,2026-06-12T02:21:09.974038,2026-06-12T05:29:22.974038,11293,409.48,-4.55,0.71,0.0,405.64,EA Magic 10002 auto trade
100023,100023,10002,XAUUSD,LONG,0.9,1922.56,2229.72,2026-06-12T05:21:47.063511,2026-06-13T02:11:15.063511,74968,-134.81,-2.25,0.33,0.0,-136.73,EA Magic 10002 auto trade
100091,100091,10002,GBPJPY,SHORT,1.94,1808.35,2121.94,2026-06-13T19:44:23.393358,2026-06-13T22:33:52.393358,10169,-226.62,-4.85,0.16,0.0,-231.31,EA Magic 10002 auto trade
100211,100211,20001,BTCUSD,SHORT,1.55,2134.19,2107.46,2026-06-15T11:31:31.811371,2026-06-15T11:47:51.811371,980,131.62,-3.88,-0.99,0.0,126.75,EA Magic 20001 auto trade
100212,100212,20001,XAUUSD,SHORT,1.74,2234.91,2135.72,2026-06-15T22:31:34.077600,2026-06-16T01:52:20.077600,12046,375.01,-4.35,0.1,0.0,370.76,EA Magic 20001 auto trade
100177,100177,30001,EURUSD,LONG,0.11,1997.78,2149.48,2026-06-17T06:49:52.518300,2026-06-17T12:02:02.518300,18730,25.16,-0.28,-0.11,0.0,24.77,EA Magic 30001 auto trade
100002,100002,0,XAUUSD,LONG,1.46,1966.91,2321.58,2026-06-17T10:46:48.313290,2026-06-17T19:20:03.313290,30795,-187.02,-3.65,-0.88,0.0,-191.55,EA Magic 0 auto trade
100020,100020,10002,BTCUSD,SHORT,1.01,1801.29,2034.25,2026-06-17T12:30:46.988406,2026-06-17T21:12:08.988406,31282,-231.81,-2.52,-1.18,0.0,-235.51,EA Magic 10002 auto trade
100028,100028,20001,XAUUSD,LONG,0.73,2065.1,2223.4,2026-06-17T09:51:47.913749,2026-06-18T01:22:05.913749,55818,322.6,-1.82,-0.86,0.0,319.92,EA Magic 20001 auto trade
100270,100270,10001,XAUUSD,SHORT,0.2,2097.68,2029.64,2026-06-17T14:35:43.895223,2026-06-18T02:44:59.895223,43756,-26.19,-0.5,-0.01,0.0,-26.7,EA Magic 10001 auto trade
100210,100210,20001,GBPJPY,LONG,0.26,2243.79,1990.01,2026-06-18T07:17:33.766130,2026-06-19T05:53:56.766130,81383,87.01,-0.65,-0.06,0.0,86.3,EA Magic 20001 auto trade
100123,100123,30001,EURUSD,LONG,1.37,2115.84,2187.61,2026-06-18T13:40:42.608931,2026-06-19T10:06:41.608931,73559,-267.35,-3.43,-0.18,0.0,-270.96,EA Magic 30001 auto trade
100248,100248,0,EURUSD,LONG,1.71,2105.71,2248.71,2026-06-18T15:54:41.652416,2026-06-19T12:08:35.652416,72834,-176.72,-4.28,-0.79,0.0,-181.79,EA Magic 0 auto trade
100203,100203,30001,GBPJPY,LONG,0.67,2189.94,1819.01,2026-06-19T19:52:06.403815,2026-06-20T10:44:04.403815,53518,-38.14,-1.68,0.32,0.0,-39.5,EA Magic 30001 auto trade
100244,100244,10002,BTCUSD,LONG,0.12,2216.42,2086.62,2026-06-19T17:42:14.685720,2026-06-20T15:24:08.685720,78114,11.79,-0.3,0.03,0.0,11.52,EA Magic 10002 auto trade
100125,100125,0,XAUUSD,SHORT,1.77,1908.51,2215.71,2026-06-20T14:58:44.292570,2026-06-20T18:44:40.292570,13556,-292.8,-4.42,-2.11,0.0,-299.33,EA Magic 0 auto trade
100025,100025,0,EURUSD,LONG,1.87,1894.65,2300.25,2026-06-21T03:46:02.949076,2026-06-21T11:36:40.949076,28238,-420.09,-4.68,-1.42,0.0,-426.19,EA Magic 0 auto trade
100016,100016,10001,GBPJPY,LONG,1.82,2201.39,1928.54,2026-06-20T22:20:48.210005,2026-06-21T21:24:27.210005,83019,-99.88,-4.55,-1.86,0.0,-106.29,EA Magic 10001 auto trade
100005,100005,20001,XAUUSD,LONG,1.75,1897.59,2013.16,2026-06-21T19:14:19.009110,2026-06-22T03:37:10.009110,30171,404.89,-4.38,0.29,0.0,400.8,EA Magic 20001 auto trade
100136,100136,10001,EURUSD,LONG,0.18,2267.49,2078.77,2026-06-22T03:22:41.441615,2026-06-22T12:14:25.441615,31904,67.57,-0.45,-0.21,0.0,66.91,EA Magic 10001 auto trade
100294,100294,0,BTCUSD,SHORT,1.73,2220.25,2152.55,2026-06-22T00:23:33.789805,2026-06-22T14:36:21.789805,51168,-402.4,-4.33,-2.55,0.0,-409.28,EA Magic 0 auto trade
100100,100100,20001,XAUUSD,SHORT,1.06,2320.19,2112.87,2026-06-22T13:07:21.074353,2026-06-23T05:31:37.074353,59056,-52.05,-2.65,0.07,0.0,-54.63,EA Magic 20001 auto trade
100022,100022,30001,GBPJPY,LONG,1.93,2205.13,1941.12,2026-06-23T11:47:28.359360,2026-06-24T09:08:37.359360,76869,239.96,-4.83,-0.6,0.0,234.53,EA Magic 30001 auto trade
100197,100197,10002,XAUUSD,SHORT,1.15,1917.72,1938.01,2026-06-26T02:28:03.036615,2026-06-26T10:36:25.036615,29302,-219.88,-2.88,-1.05,0.0,-223.81,EA Magic 10002 auto trade
100267,100267,10002,XAUUSD,LONG,1.94,2292.05,1904.32,2026-06-26T21:51:18.507911,2026-06-27T09:52:22.507911,43264,134.99,-4.85,-1.75,0.0,128.39,EA Magic 10002 auto trade
100153,100153,0,EURUSD,LONG,1.56,2176.3,1973.8,2026-06-29T11:47:09.199814,2026-06-29T13:31:27.199814,6258,476.73,-3.9,-0.79,0.0,472.04,EA Magic 0 auto trade
100148,100148,0,EURUSD,SHORT,1.63,1985.57,2399.76,2026-06-29T02:17:46.498695,2026-06-29T22:33:02.498695,72916,-274.67,-4.07,-2.16,0.0,-280.9,EA Magic 0 auto trade
100051,100051,10002,GBPJPY,SHORT,1.37,2260.14,1900.67,2026-06-30T18:25:28.654251,2026-07-01T00:03:21.654251,20273,-117.51,-3.43,-0.14,0.0,-121.08,EA Magic 10002 auto trade
100113,100113,20001,BTCUSD,SHORT,1.45,1994.86,2280.79,2026-07-01T04:12:58.306637,2026-07-01T07:08:03.306637,10505,139.3,-3.62,-2.11,0.0,133.57,EA Magic 20001 auto trade
100202,100202,10002,XAUUSD,LONG,1.1,2012.66,2276.96,2026-06-30T22:16:54.005704,2026-07-01T14:02:30.005704,56736,327.7,-2.75,-1.09,0.0,323.86,EA Magic 10002 auto trade
100251,100251,10001,XAUUSD,SHORT,1.06,2221.09,1849.46,2026-07-01T20:34:19.326737,2026-07-02T04:30:36.326737,28577,-153.93,-2.65,-0.71,0.0,-157.29,EA Magic 10001 auto trade
100231,100231,10002,BTCUSD,SHORT,0.88,1900.35,2139.24,2026-07-02T17:38:35.031529,2026-07-02T22:41:50.031529,18195,-166.43,-2.2,-0.54,0.0,-169.17,EA Magic 10002 auto trade
100288,100288,20001,BTCUSD,LONG,0.28,2084.14,1869.31,2026-07-03T20:20:26.905237,2026-07-03T23:36:51.905237,11785,85.48,-0.7,0.13,0.0,84.91,EA Magic 20001 auto trade
100281,100281,30001,XAUUSD,LONG,1.24,2139.33,2362.01,2026-07-03T11:23:28.639041,2026-07-04T08:19:50.639041,75382,-301.55,-3.1,-1.31,0.0,-305.96,EA Magic 30001 auto trade
100242,100242,10002,GBPJPY,SHORT,0.4,1950.23,2023.11,2026-07-03T21:31:07.596741,2026-07-04T13:10:39.596741,56372,-39.02,-1.0,-0.08,0.0,-40.1,EA Magic 10002 auto trade
